Muestra_Codificada;Edad;Sexo;Peso_kg;Altura_cm;Sector;Institucion;Es_Expuesto;Riesgo_Pb;Riesgo_Hg;Riesgo_Cd;Score_Riesgo;Plomo_ug_dL;Mercurio_ug_L;Cadmio_ug_L;Exposicion_Talleres;Exposicion_Industrias;Exposicion_Lugares;Alim_Cereales;Alim_Leguminosas;Alim_Tuberculos;Alim_Carnes;Alim_Pescados;Alim_Bebidas;Alim_Huevos;Alim_Lacteos;Alim_Frutas;Alim_Vegetales;Alim_Azucar;Alim_Grasas;Alim_Chocolate;Salud_Fuma;Salud_Actividad;Salud_Bombillos;Salud_Techo;Salud_Joyeria;Salud_Transporte;Salud_Agua;Salud_Suplementos
1;7;femenino;32;128;Centro A;Santiago Mariño;NO;NO;NO;SI;1;0,56;3,37;0,38;Ninguna de las anteriores;Ninguna de las anteriores;Ninguna de las anteriores;Diario;A veces;A veces;Diario;Nunca;Rara vez;Diario;Diario;Diario;Diario;Rara vez;Rara vez;Nunca;No;Si;No;No;Si;Vehículo;Agua filtrada;Suplemento multivitamínico
2;8;masculino;21;125;Sur;Santiago Mariño;NO;SI;NO;SI;2;1,06;1,9;0,74;Ninguna de las anteriores;Ninguna de las anteriores;Ninguna de las anteriores;Diario;A veces;A veces;A veces;Rara vez;Diario;A veces;Diario;Rara vez;Rara vez;Frecuentemente;Diario;Rara vez;Si;No;No;No;No;Caminar;Agua filtrada;Ninguno de los anteriores
3;9;masculino;31;141;Sur;Santiago Mariño;SI;SI;NO;SI;5;2;5,07;1,99;Taller mecánico;Ninguna de las anteriores;Ninguna de las anteriores;Frecuentemente;Frecuentemente;Diario;Diario;Frecuentemente;A veces;Diario;Diario;Diario;Diario;A veces;Frecuentemente;Rara vez;No;Si;Si;No;No;Vehículo;"Agua filtrada; Agua mineral embotellada";Suplemento multivitamínico
4;7;masculino;24;126;Centro C;Santiago Mariño;SI;SI;SI;SI;5;3,74;4,87;1,3;Ninguna de las anteriores;Ninguna de las anteriores;"Estación de gasolina; Canales";Diario;Nunca;Frecuentemente;Diario;Nunca;A veces;Nunca;A veces;A veces;Nunca;Diario;Diario;A veces;Si;No;No;No;No;"Caminar; Vehículo; Transporte público";Agua mineral embotellada;Suplemento multivitamínico
5;6;femenino;19;117;Centro B;Santiago Mariño;SI;SI;SI;SI;4;7,89;4,66;1;Ninguna de las anteriores;Ninguna de las anteriores;Ríos;Frecuentemente;A veces;Frecuentemente;Frecuentemente;A veces;Rara vez;Diario;Diario;Diario;A veces;A veces;A veces;Frecuentemente;No;Si;No;No;Si;Vehículo;Agua mineral embotellada;Ninguno de los anteriores
6;7;masculino;22;119;Centro A;Santiago Mariño;NO;SI;NO;NO;2;1,54;5,8;0,41;Ninguna de las anteriores;Ninguna de las anteriores;Ninguna de las anteriores;Frecuentemente;Rara vez;Rara vez;A veces;Nunca;A veces;Diario;A veces;Diario;Rara vez;A veces;Frecuentemente;Nunca;No;No;Si;No;No;Caminar;Agua de pozo profundo;Ninguno de los anteriores
7;9;femenino;26;132;Sur;Santiago Mariño;SI;SI;SI;SI;5;7,2;7,46;1,81;Taller mecánico;Ninguna de las anteriores;Rectificadora de motores;A veces;A veces;Rara vez;Frecuentemente;Rara vez;Nunca;Frecuentemente;Frecuentemente;Diario;A veces;Frecuentemente;A veces;Frecuentemente;Si;No;Si;No;No;"Vehículo; Transporte público";Agua filtrada;Ninguno de los anteriores
8;7;masculino;19;118;Sur;Santiago Mariño;SI;SI;SI;SI;5;8,54;4,39;2,16;Taller mecánico;Ninguna de las anteriores;"Estación de gasolina; Ríos";Frecuentemente;A veces;Frecuentemente;Diario;A veces;Rara vez;Frecuentemente;A veces;Diario;Rara vez;Frecuentemente;Diario;A veces;Si;No;Si;No;No;"Caminar; Vehículo";Agua filtrada;Ninguno de los anteriores
9;6;masculino;21;121;Centro B;Santiago Mariño;NO;SI;NO;NO;1;0,98;1,65;0,19;Ninguna de las anteriores;Ninguna de las anteriores;Ninguna de las anteriores;Diario;A veces;Diario;Diario;Frecuentemente;Rara vez;Diario;Frecuentemente;Diario;A veces;A veces;Diario;A veces;No;No;No;No;No;"Caminar; Vehículo; Transporte público";Agua filtrada;Ninguno de los anteriores
10;5;femenino;15;108;Sur;Santiago Mariño;NO;SI;NO;SI;2;1,09;2,27;0,27;Ninguna de las anteriores;Ninguna de las anteriores;Ninguna de las anteriores;Diario;Frecuentemente;A veces;A veces;Nunca;Frecuentemente;A veces;Frecuentemente;A veces;A veces;Frecuentemente;Frecuentemente;Frecuentemente;Si;No;No;No;Si;Caminar;Agua filtrada;Ninguno de los anteriores
11;7;masculino;36;129;Centro B;Clorinda Azcunes;NO;SI;NO;NO;1;1,51;0,74;0,08;Ninguna de las anteriores;Ninguna de las anteriores;Ninguna de las anteriores;A veces;A veces;A veces;Frecuentemente;Rara vez;Rara vez;Frecuentemente;A veces;Frecuentemente;A veces;Rara vez;A veces;Rara vez;No;No;Si;No;No;"Caminar; Vehículo; Transporte público";Agua mineral embotellada;Ninguno de los anteriores
12;9;masculino;20;134;Centro B;Clorinda Azcunes;NO;SI;NO;NO;1;1,29;3,27;0,14;Ninguna de las anteriores;Ninguna de las anteriores;Ninguna de las anteriores;Frecuentemente;Rara vez;Frecuentemente;Frecuentemente;Rara vez;A veces;Frecuentemente;A veces;Frecuentemente;A veces;A veces;A veces;Rara vez;No;No;Si;No;No;"Caminar; Vehículo; Transporte público";Agua mineral embotellada;Suplemento multivitamínico
13;6;femenino;19;118;Centro A;Clorinda Azcunes;SI;NO;SI;SI;4;2,33;7,92;0,84;Ninguna de las anteriores;Fábrica de productos químicos;Ninguna de las anteriores;Diario;Nunca;A veces;Diario;Nunca;Rara vez;Diario;Nunca;Rara vez;Nunca;A veces;Nunca;Rara vez;Si;No;Si;No;No;Vehículo;Agua mineral embotellada;Ninguno de los anteriores
14;6;masculino;32;135;Centro A;Mons. Luis Eduardo Enrique;NO;NO;NO;NO;1;0,84;1,54;0,07;Ninguna de las anteriores;Ninguna de las anteriores;Ninguna de las anteriores;Frecuentemente;A veces;Frecuentemente;Diario;Nunca;Rara vez;Frecuentemente;Frecuentemente;Diario;Nunca;Frecuentemente;Nunca;A veces;No;Si;Si;No;No;Vehículo;Agua mineral embotellada;Suplemento multivitamínico
15;8;femenino;25;133;Centro A;Santiago Mariño;NO;SI;NO;SI;3;1,69;3,2;0,49;Ninguna de las anteriores;Ninguna de las anteriores;Ninguna de las anteriores;Diario;Frecuentemente;A veces;Diario;Rara vez;Frecuentemente;Frecuentemente;Frecuentemente;Diario;A veces;Diario;Frecuentemente;A veces;Si;No;Si;No;No;Vehículo;Agua de pozo profundo;Suplemento multivitamínico
16;7;masculino;28;132;Sur;Santiago Mariño;SI;SI;SI;SI;4;4,66;15,67;1,41;Ninguna de las anteriores;Ninguna de las anteriores;Ríos;Diario;Rara vez;Rara vez;A veces;Nunca;Nunca;Diario;Nunca;Diario;Rara vez;Nunca;A veces;Nunca;No;No;Si;No;No;Caminar;Agua mineral embotellada;Suplemento multivitamínico
17;8;femenino;23;129;Centro A;Santiago Mariño;SI;SI;SI;SI;5;7,14;15,64;0,8;Ninguna de las anteriores;Ninguna de las anteriores;Canales;Diario;Diario;Diario;Diario;A veces;A veces;Frecuentemente;Diario;Diario;Diario;A veces;Frecuentemente;Diario;No;Si;Si;No;No;Vehículo;Agua de pozo profundo;Ninguno de los anteriores
18;9;masculino;38;140;Centro C;Santiago Mariño;SI;SI;SI;SI;4;3;11,38;0,77;Ninguna de las anteriores;Ninguna de las anteriores;"Ríos; Canales";Frecuentemente;A veces;Diario;Diario;Rara vez;Frecuentemente;Diario;A veces;A veces;Diario;Diario;Frecuentemente;Diario;No;Si;No;No;No;"Caminar; Vehículo; Transporte público";Agua mineral embotellada;Suplemento multivitamínico
19;9;masculino;41;140;Norte B;Santiago Mariño;SI;SI;SI;SI;5;4,37;8,69;1,52;"Taller mecánico; Taller de latonería";"Fábrica de metales; Fábrica de productos químicos";"Estación de gasolina; Ríos; Canales";Frecuentemente;A veces;Rara vez;Diario;Frecuentemente;Diario;Frecuentemente;Diario;Frecuentemente;Rara vez;Frecuentemente;Frecuentemente;Rara vez;No;Si;No;No;No;"Caminar; Vehículo; Transporte público";Agua mineral embotellada;Ninguno de los anteriores
20;8;masculino;30;135;Sur;Santiago Mariño;SI;SI;SI;SI;5;8,65;10,95;1,84;Taller mecánico;Ninguna de las anteriores;Ninguna de las anteriores;Diario;Frecuentemente;Frecuentemente;Frecuentemente;Frecuentemente;A veces;Diario;Rara vez;Frecuentemente;Frecuentemente;Diario;Frecuentemente;Frecuentemente;No;No;Si;No;No;Vehículo;Agua filtrada;Ninguno de los anteriores
;6;femenino;;;Centro A;Santiago Mariño;NO;NO;NO;NO;1;;;;Ninguna de las anteriores;Ninguna de las anteriores;Ninguna de las anteriores;Diario;Diario;Diario;Diario;Diario;A veces;Diario;Diario;Diario;Diario;Frecuentemente;Frecuentemente;Frecuentemente;No;Si;No;No;No;Caminar;Agua mineral embotellada;Ninguno de los anteriores
;7;masculino;;;Centro C;Santiago Mariño;SI;SI;SI;SI;4;;;;Ninguna de las anteriores;Ninguna de las anteriores;"Rectificadora de motores; Canales";A veces;A veces;Frecuentemente;Rara vez;Frecuentemente;Rara vez;Frecuentemente;A veces;Diario;Frecuentemente;A veces;A veces;A veces;No;No;Si;No;No;Vehículo;Agua mineral embotellada;Suplemento multivitamínico
;7;femenino;;;Centro A;Clorinda Azcunes;NO;SI;NO;NO;1;;;;Ninguna de las anteriores;Ninguna de las anteriores;Ninguna de las anteriores;Diario;A veces;Frecuentemente;Diario;Nunca;Rara vez;Diario;Nunca;Diario;Diario;A veces;A veces;Rara vez;No;No;Si;No;No;Caminar;Agua filtrada;Ninguno de los anteriores
;9;masculino;;;Norte A;La Luz;SI;SI;SI;SI;5;;;;Ninguna de las anteriores;Ninguna de las anteriores;Canales;Rara vez;A veces;A veces;Frecuentemente;Rara vez;Frecuentemente;Diario;Diario;Frecuentemente;Frecuentemente;Frecuentemente;Frecuentemente;Rara vez;No;No;Si;No;No;Vehículo;Agua de pozo profundo;Suplemento multivitamínico
;9;femenino;;;Norte A;La Luz;SI;SI;SI;SI;6;;;;Taller de latonería;Ninguna de las anteriores;Ríos;Diario;Frecuentemente;Nunca;Frecuentemente;Rara vez;Frecuentemente;Rara vez;Frecuentemente;Frecuentemente;Nunca;Diario;Frecuentemente;A veces;Si;Si;Si;No;Si;"Caminar; Vehículo; Transporte público";Agua de pozo profundo;Ninguno de los anteriores
;6;masculino;;;Centro B;Aprender y Crear;SI;SI;NO;SI;5;;;;Ninguna de las anteriores;Ninguna de las anteriores;Estación de gasolina;Frecuentemente;Frecuentemente;Diario;A veces;Rara vez;Rara vez;A veces;A veces;Frecuentemente;A veces;A veces;Frecuentemente;Rara vez;No;No;Si;No;No;Vehículo;"Agua de pozo profundo; Agua filtrada";Ninguno de los anteriores
;8;femenino;;;Norte B;Santiago Mariño;SI;SI;SI;SI;7;;;;"Taller mecánico; Taller de latonería";Ninguna de las anteriores;"Estación de gasolina; Llenadora de gas natural; Rectificadora de motores; Canale";Diario;A veces;Rara vez;Diario;Nunca;A veces;Frecuentemente;Diario;Nunca;A veces;Diario;Diario;Rara vez;Si;No;Si;Si;No;"Vehículo; Transporte público";Agua de pozo profundo;"Suplemento multivitamínico; Suplemento proteico"
;8;femenino;;;Norte B;Santiago Mariño;SI;SI;SI;SI;6;;;;Taller mecánico;Ninguna de las anteriores;"Estación de gasolina; Canales";Diario;A veces;A veces;Diario;Nunca;Frecuentemente;A veces;Diario;A veces;Frecuentemente;Frecuentemente;Diario;A veces;Si;No;Si;No;No;"Vehículo; Transporte público";Agua de pozo profundo;Suplemento multivitamínico
;7;femenino;;;Norte B;Clorinda Azcunes;SI;SI;SI;SI;4;;;;Ninguna de las anteriores;Ninguna de las anteriores;Ríos;Rara vez;Rara vez;Rara vez;Diario;Nunca;Nunca;Diario;Frecuentemente;Diario;Nunca;Rara vez;Rara vez;Diario;No;No;Si;No;No;Transporte público;Agua mineral embotellada;Suplemento multivitamínico
;6;masculino;;;Norte B;Clorinda Azcunes;SI;SI;NO;SI;4;;;;Ninguna de las anteriores;Ninguna de las anteriores;Estación de gasolina;Diario;Diario;Diario;Diario;Frecuentemente;Diario;Diario;Diario;Diario;Diario;Rara vez;Diario;Rara vez;No;Si;Si;No;Si;Vehículo;Agua filtrada;Ninguno de los anteriores
;6;femenino;;;Norte B;Clorinda Azcunes;SI;SI;SI;SI;5;;;;Ninguna de las anteriores;Ninguna de las anteriores;Canales;Frecuentemente;A veces;Rara vez;Frecuentemente;Nunca;Rara vez;Diario;A veces;Frecuentemente;Frecuentemente;A veces;A veces;Nunca;No;Si;Si;No;No;"Caminar; Transporte público";Agua de pozo profundo;Suplemento multivitamínico
;7;femenino;;;Centro A;Clorinda Azcunes;SI;SI;NO;SI;4;;;;"Taller mecánico; Taller de latonería";Ninguna de las anteriores;Ninguna de las anteriores;Frecuentemente;Frecuentemente;A veces;A veces;Nunca;Nunca;A veces;Frecuentemente;Rara vez;Rara vez;A veces;A veces;Nunca;No;Si;Si;No;No;"Caminar; Vehículo";Agua filtrada;Ninguno de los anteriores
;6;masculino;;;Centro C;Clorinda Azcunes;SI;SI;NO;SI;3;;;;Taller mecánico;Ninguna de las anteriores;Ninguna de las anteriores;Diario;Frecuentemente;Frecuentemente;Frecuentemente;A veces;A veces;Diario;Diario;Diario;Diario;Diario;Diario;A veces;No;Si;Si;No;No;Vehículo;Agua mineral embotellada;Suplemento multivitamínico
;8;femenino;;;Sur;Santiago Mariño;NO;SI;NO;SI;1;;;;Ninguna de las anteriores;Ninguna de las anteriores;Ninguna de las anteriores;Diario;Frecuentemente;A veces;Frecuentemente;Rara vez;A veces;Rara vez;Frecuentemente;A veces;Frecuentemente;Frecuentemente;A veces;Rara vez;No;No;Si;No;Si;Caminar;Agua filtrada;Ninguno de los anteriores
;8;femenino;;;Norte B;Santiago Mariño;NO;NO;NO;NO;1;;;;Ninguna de las anteriores;Ninguna de las anteriores;Ninguna de las anteriores;Diario;Rara vez;Rara vez;Diario;A veces;A veces;A veces;Frecuentemente;Frecuentemente;Rara vez;Frecuentemente;A veces;A veces;No;No;Si;No;No;Caminar;Agua de pozo profundo;Ninguno de los anteriores
;8;femenino;;;Norte A;Santiago Mariño;SI;SI;SI;SI;5;;;;Taller mecánico;Ninguna de las anteriores;Estación de gasolina;Diario;Diario;Frecuentemente;Rara vez;Rara vez;A veces;Diario;Diario;A veces;Nunca;Nunca;Diario;Nunca;No;Si;No;No;No;Vehículo;"Agua de pozo profundo; Agua mineral embotellada";Ninguno de los anteriores
;8;masculino;;;Centro B;Santiago Mariño;NO;NO;NO;SI;1;;;;Ninguna de las anteriores;Ninguna de las anteriores;Ninguna de las anteriores;Diario;Diario;A veces;A veces;A veces;Nunca;Nunca;Nunca;Nunca;A veces;Nunca;Nunca;A veces;Si;Si;Si;No;No;Caminar;Agua filtrada;Ninguno de los anteriores
;9;masculino;;;Sur;Santiago Mariño;NO;SI;NO;NO;1;;;;Ninguna de las anteriores;Ninguna de las anteriores;Ninguna de las anteriores;A veces;A veces;A veces;Frecuentemente;A veces;A veces;Diario;A veces;Diario;Nunca;A veces;A veces;A veces;No;No;Si;No;No;Vehículo;Agua mineral embotellada;Ninguno de los anteriores
;8;femenino;;;Centro A;Santiago Mariño;SI;SI;SI;SI;5;;;;Taller mecánico;Fábrica de metales;Estación de gasolina;Frecuentemente;Frecuentemente;Frecuentemente;Diario;A veces;Frecuentemente;Frecuentemente;Frecuentemente;Frecuentemente;Frecuentemente;A veces;Frecuentemente;A veces;Si;No;No;No;No;Vehículo;Agua de pozo profundo;Suplemento multivitamínico
;9;femenino;;;Sur;Santiago Mariño;SI;SI;SI;SI;3;;;;Taller mecánico;Ninguna de las anteriores;Ríos;Diario;Diario;Diario;Diario;Nunca;Nunca;A veces;Diario;Diario;Diario;A veces;A veces;A veces;No;Si;Si;No;Si;Transporte público;Agua mineral embotellada;Suplemento multivitamínico
;9;femenino;;;Sur;Santiago Mariño;NO;SI;NO;SI;3;;;;Ninguna de las anteriores;Ninguna de las anteriores;Ninguna de las anteriores;Diario;Rara vez;Diario;Diario;A veces;Nunca;Diario;Diario;A veces;Diario;Frecuentemente;Diario;Nunca;Si;No;No;No;No;Vehículo;Agua de pozo profundo;Ninguno de los anteriores
;7;masculino;;;Sur;Santiago Mariño;SI;SI;SI;SI;4;;;;Taller de carpintería;Ninguna de las anteriores;Ninguna de las anteriores;Diario;Diario;A veces;Diario;A veces;Diario;Diario;Diario;Diario;Nunca;Diario;Diario;Diario;No;No;No;No;No;Vehículo;Agua mineral embotellada;Suplemento multivitamínico
;9;masculino;;;Centro B;Santiago Mariño;SI;SI;SI;SI;7;;;;"Taller mecánico; Taller de latonería";Ninguna de las anteriores;Ninguna de las anteriores;Frecuentemente;A veces;Rara vez;Frecuentemente;Rara vez;Frecuentemente;Rara vez;Frecuentemente;Frecuentemente;Frecuentemente;Frecuentemente;Diario;Rara vez;Si;No;Si;Si;No;"Caminar; Transporte público";"Agua de pozo profundo; Agua mineral embotellada";Suplemento multivitamínico
;8;masculino;;;Sur;Santiago Mariño;SI;SI;NO;SI;4;;;;Taller mecánico;Ninguna de las anteriores;Ninguna de las anteriores;Diario;Diario;Diario;Diario;Diario;Diario;Diario;Diario;Diario;Diario;Diario;Diario;Diario;No;Si;Si;No;No;Transporte público;Agua filtrada;Ninguno de los anteriores
;6;femenino;;;Sur;Clorinda Azcunes;SI;SI;SI;SI;5;;;;Taller mecánico;Ninguna de las anteriores;Ninguna de las anteriores;Diario;Rara vez;Diario;Diario;A veces;Nunca;Frecuentemente;Frecuentemente;Diario;A veces;A veces;A veces;Rara vez;Si;No;No;No;Si;Transporte público;Agua filtrada;Ninguno de los anteriores
;9;femenino;;;Centro A;Clorinda Azcunes;SI;SI;SI;SI;4;;;;Taller mecánico;Fábrica de productos químicos;Ninguna de las anteriores;Diario;A veces;Rara vez;Frecuentemente;Rara vez;Nunca;Diario;Diario;Diario;A veces;A veces;Nunca;Rara vez;No;No;No;No;No;"Caminar; Transporte público";Agua filtrada;Suplemento multivitamínico
;6;masculino;;;Centro C;Santiago Mariño;SI;SI;SI;SI;5;;;;Taller mecánico;Ninguna de las anteriores;Ninguna de las anteriores;Diario;A veces;Frecuentemente;Diario;A veces;A veces;Diario;Frecuentemente;Frecuentemente;Rara vez;A veces;Frecuentemente;Nunca;Si;No;No;No;No;Caminar;Agua filtrada;Suplemento multivitamínico
;6;masculino;;;Centro B;Santiago Mariño;NO;SI;NO;NO;1;;;;Ninguna de las anteriores;Ninguna de las anteriores;Ninguna de las anteriores;Diario;A veces;A veces;Frecuentemente;Rara vez;Rara vez;Frecuentemente;A veces;Frecuentemente;Nunca;Frecuentemente;Frecuentemente;Rara vez;No;No;No;No;No;Caminar;Agua filtrada;Ninguno de los anteriores
